SQL> 
SQL> rem Made by Brennan Brown
SQL> 
SQL> rem QUESTION 1
SQL> 
SQL> select lastname
  2  from customers
  3  where state = 'FL'
  4  order by lastname;

LASTNAME                                                                                                                            
----------                                                                                                                          
MORALES                                                                                                                             
NGUYEN                                                                                                                              
SCHELL                                                                                                                              
SMITH                                                                                                                               

SQL> 
SQL> rem QUESTION 2
SQL> 
SQL> select title, pubdate
  2  from books
  3  where (retail - cost) > 25
  4  order by title;

TITLE                          PUBDATE                                                                                              
------------------------------ ---------                                                                                            
HOLY GRAIL OF ORACLE           31-DEC-05                                                                                            
PAINLESS CHILD-REARING         17-JUL-04                                                                                            

SQL> 
SQL> rem QUESTION 3
SQL> 
SQL> select title
  2  from books
  3  where discount > 3
  4  order by discount;

TITLE                                                                                                                               
------------------------------                                                                                                      
HOLY GRAIL OF ORACLE                                                                                                                
PAINLESS CHILD-REARING                                                                                                              

SQL> 
SQL> rem QUESTION 4
SQL> 
SQL> select firstname, lastname
  2  from customers
  3  where region = 'N' OR
  4  	   region = 'NE' OR
  5  	   region = 'NW'
  6  order by lastname desc, firstname;

FIRSTNAME  LASTNAME                                                                                                                 
---------- ----------                                                                                                               
JENNIFER   SMITH                                                                                                                    
THOMAS     PIERSON                                                                                                                  
BECCA      NELSON                                                                                                                   
WILLIAM    MCKENZIE                                                                                                                 
REESE      MCGOVERN                                                                                                                 
JASMINE    LEE                                                                                                                      
KENNETH    JONES                                                                                                                    
CINDY      GIRARD                                                                                                                   
KENNETH    FALAH                                                                                                                    
MESHIA     CRUZ                                                                                                                     

10 rows selected.

SQL> 
SQL> rem QUESTION 5
SQL> 
SQL> select firstname, lastname
  2  from customers
  3  where region IN ('N', 'NE', 'NW')
  4  order by lastname desc, firstname;

FIRSTNAME  LASTNAME                                                                                                                 
---------- ----------                                                                                                               
JENNIFER   SMITH                                                                                                                    
THOMAS     PIERSON                                                                                                                  
BECCA      NELSON                                                                                                                   
WILLIAM    MCKENZIE                                                                                                                 
REESE      MCGOVERN                                                                                                                 
JASMINE    LEE                                                                                                                      
KENNETH    JONES                                                                                                                    
CINDY      GIRARD                                                                                                                   
KENNETH    FALAH                                                                                                                    
MESHIA     CRUZ                                                                                                                     

10 rows selected.

SQL> 
SQL> spool off
