SQL> 
SQL> rem Made by Brennan Brown
SQL> 
SQL> 
SQL> rem QUESTION 1
SQL> 
SQL> select   firstname, lastname
  2  from     customers
  3  where    state =
  4  	     (select state
  5  	      from customers
  6  	      where firstname  = 'LEILA')
  7  	      and   firstname != 'LEILA'
  8  order by lastname;

FIRSTNAME  LASTNAME                                                                                                                 
---------- ----------                                                                                                               
BONITA     MORALES                                                                                                                  
NICHOLAS   NGUYEN                                                                                                                   
STEVE      SCHELL                                                                                                                   

SQL> 
SQL> 
SQL> rem QUESTION 2
SQL> 
SQL> select   firstname, lastname, title, retail
  2  from     customers natural join orders
  3  			natural join orderitems
  4  			natural join books
  5  where    retail >
  6  	     (select avg(retail)
  7  	      from books)
  8  order by lastname, title;

FIRSTNAME  LASTNAME   TITLE                              RETAIL                                                                     
---------- ---------- ------------------------------ ----------                                                                     
KENNETH    FALAH      PAINLESS CHILD-REARING              89.95                                                                     
TAMMY      GIANA      DATABASE IMPLEMENTATION             55.95                                                                     
TAMMY      GIANA      E-BUSINESS THE EASY WAY              54.5                                                                     
TAMMY      GIANA      HOLY GRAIL OF ORACLE                75.95                                                                     
JASMINE    LEE        DATABASE IMPLEMENTATION             55.95                                                                     
JAKE       LUCAS      PAINLESS CHILD-REARING              89.95                                                                     
JAKE       LUCAS      PAINLESS CHILD-REARING              89.95                                                                     
REESE      MCGOVERN   DATABASE IMPLEMENTATION             55.95                                                                     
BONITA     MORALES    DATABASE IMPLEMENTATION             55.95                                                                     
BONITA     MORALES    DATABASE IMPLEMENTATION             55.95                                                                     
BECCA      NELSON     PAINLESS CHILD-REARING              89.95                                                                     
JENNIFER   SMITH      DATABASE IMPLEMENTATION             55.95                                                                     
LEILA      SMITH      E-BUSINESS THE EASY WAY              54.5                                                                     
LEILA      SMITH      PAINLESS CHILD-REARING              89.95                                                                     

14 rows selected.

SQL> 
SQL> 
SQL> rem QUESTION 3
SQL> 
SQL> select   lastname, title
  2  from     customers natural join orders
  3  			natural join orderitems
  4  			natural join books
  5  where    category = 'FITNESS'
  6  order by lastname;

LASTNAME   TITLE                                                                                                                    
---------- ------------------------------                                                                                           
MORALES    BODYBUILD IN 10 MINUTES A DAY                                                                                            

SQL> 
SQL> 
SQL> rem QUESTION 4
SQL> 
SQL> select   Customers.lastname,
  2  		 (select title
  3  		  from	 books
  4  		  having Customers.customer# = Orders.Customer# and
  5  			 Orders.Order# = Orderitems.Order# and
  6  			 Orderitems.isbn = Books.isbn and
  7  			 Books.category = 'FITNESS')
  8  from     customers
  9  order by Customers.lastname;
	            Orderitems.isbn = Books.isbn and
	            *
ERROR at line 6:
ORA-00904: "ORDERITEMS"."ISBN": invalid identifier 


SQL> 
SQL> 
SQL> rem QUESTION 5
SQL> 
SQL> select fname "First Name", lname "Last Name",
  2  	    title "Book Title", retail "Max. Price"
  3  from   author natural join bookauthor
  4  		   natural join books
  5  where (lname, retail) IN
  6  	       (select	 lname, max(retail)
  7  		from	 author natural join bookauthor
  8  			    natural join books
  9  		group by lname)
 10  order by lname;

First Name Last Name  Book Title                     Max. Price                                                                     
---------- ---------- ------------------------------ ----------                                                                     
JUAN       ADAMS      DATABASE IMPLEMENTATION             55.95                                                                     
JAMES      AUSTIN     HOLY GRAIL OF ORACLE                75.95                                                                     
JACK       BAKER      PAINLESS CHILD-REARING              89.95                                                                     
OSCAR      FIELDS     PAINLESS CHILD-REARING              89.95                                                                     
JANICE     JONES      E-BUSINESS THE EASY WAY              54.5                                                                     
TAMARA     KZOCHSKY   BUILDING A CAR WITH TOOTHPICKS      59.95                                                                     
TINA       PETERSON   DATABASE IMPLEMENTATION             55.95                                                                     
LISA       PORTER     BODYBUILD IN 10 MINUTES A DAY       30.95                                                                     
ROBERT     ROBINSON   PAINLESS CHILD-REARING              89.95                                                                     
SAM        SMITH      BODYBUILD IN 10 MINUTES A DAY       30.95                                                                     
LISA       WHITE      SHORTEST POEMS                      39.95                                                                     

11 rows selected.

SQL> 
SQL> rem QUESTION 6
SQL> 
SQL> select title "Book Title", retail "Max. Price"
  2  from   books b,
  3  	   (select   fname "First Name", lname "Last Name",
  4  	    from     author natural join bookauthor
  5  			    natural join books
  6  	    group by lname) maxretail
  7  where  b.retail = maxretail.retail
  8  order by lname;
       from     author natural join bookauthor
       *
ERROR at line 4:
ORA-00936: missing expression 


SQL> 
SQL> spool off
